Name,Role,Refined Name / Spelling Check,Education Background,Current Business / Job Status,Future Plans / Goals,Feedback Summary (Core Points),Key Area of Improvement,Organization Feedback / Alignment,Additional / Relevant Notes
Haseeb Bhat,Learner,Haseeb Bhat (Correct),B.Com (2015 Passout),Running a Steel/Iron Business (Facing uncertainty due to market & GST issues),Career transition into AI & Data Science for sustainable financial stability,Highly motivated to switch careers but lacks foundational technical skills.,Needs foundational help in 8th-10th standard Mathematics and basic programming structures.,Program provides excellent hope for non-tech business professionals looking to pivot.,Needs flexible or well-paced learning due to business responsibilities.
Mr. Yaqoob,Learner,Mr. Yaqoob (Correct),Science Background (Non-Medical),Science Teacher at a Private School (Teaches up to 10th standard),Deep dive into Machine Learning & AI innovation to create tangible societal tech solutions,Aims to move beyond theoretical textbook knowledge into actual technical development and hardware integration.,Needs structural guidance on connecting hardware/electronics (gate circuits) with AI software models.,Connected with the Growth & Expansion Unit to integrate AI frameworks directly into school education setups.,Requested specific support from mentors to deploy micro-projects for his educational institution.
Uzma (Saqi Abbas),Learner,Uzma (Joined using account name 'Saqi Abbas'),11th / 12th Standard (Non-Medical Science),Student,Wants to become an AI Engineer and Data Science contributor rather than a mere user,Possesses a decent initial base in Python but struggles with session continuity and confidence.,"Must overcome deep shyness, activate camera during live interaction, and avoid skipping sequential modules.",Mentors recommended strict adherence to a continuous learning pathway and structural behavioral grooming.,Skipped previous recordings which caused an initial learning chaos; needs closer progress tracking.
Baseer Ur Rehman,Learner,Baseer Ur Rehman (Correct),9th Standard Student (Green Valley School),Student,"Targeting Data Science, Analytics, and AI Research; highly motivated by hackathons and internships","Brilliant logical mind with high aptitude for math, chess, and structural problem-solving.",Severe public speaking shyness (prefers text chat over unmuting) and self-admitted poor Time Management.,Expressed that the program is 'terrific'; mentors highlighted him as an early candidate for 11th-12th grade tech internships.,Interests include drawing and painting; needs soft-skills training to match his high technical potential.
Muhammad Ebreen,Learner,Muhammad Ebreen (Correct),"B.Tech Electronics & Communication (2nd Semester, Kashmir University)",Student,"Aims to become a technology inventor, focusing heavily on AI & advanced Data Science applications",Strong foundational background in Python and Databases due to Informatics Practices (IP) in 11th/12th.,"Needs to shed conversational hesitation to effectively prepare for university vivas, presentations, and technical interviews.",Actively utilizes the curriculum to supplement his university engineering degree.,Multitasking with Arabic learning and quantum concepts; highly praised for technical readiness.
Tuba Shakeel,Learner,Tuba Shakeel (Correct),Undergraduate (2nd Year Zoology); holds a separate Computer Diploma,Student / Part-time Home Tutor,Aspires to enter the teaching profession in Zoology while seamlessly integrating AI models into the discipline,"Possesses practical side-skills like shorthand stenography and typing, but has zero core programming background.","Struggles with a highly congested daily schedule (College + Stenography + Tuitions), limiting her live session interaction.",Mentors advised exploring domain-specific AI integration tools tailored explicitly for biological sciences / Zoology.,Relies heavily on recorded lectures due to timing clashes; needs dedicated asynchronous doubt-clearing windows.
Mohd Fuzail,Learner,Mohd Fuzail (Correct),7th Standard Student (Youngest batch member),Student,"Keen interest in futuristic tech, foundational coding, website development, and visual arts",Highly creative child (strong background in arts/painting) but finds group learning structures overwhelming.,Limited attention span due to young age; severe hesitation to communicate or ask questions in a larger group setting.,"Organization is planning a customized, friendly psychological intervention/counseling roadmap to ensure he doesn't feel left behind.",Mentors strongly advised parents to balance his coding screen-time with outdoor sports like cricket or badminton to boost socialization.
Lafiz Ashiq,Learner,Lafiz Ashiq (Spelled 'Lis' or 'Ashik' in transcript text; father's name or alias used as 'Lafizashiq4'),7th Standard Student,Student,Wants to train custom AI models; shows an extraordinarily early interest in financial markets and stock trading,An academically silent learner who maintains extreme passivity during open discussions.,Struggles with complex mathematical abstraction like standard Algebra; needs an easier visual math breakdown.,Needs specific psychological comfort sessions from the team to encourage basic mic unmuting and peer interaction.,Close friend/peer of Mohd Fuzail; peer-to-peer micro-groups could be highly beneficial for these two 7th graders.
Mehreen,Learner,Mehreen (Correct),"Integrated MBA (Master of Business Administration, Kashmir University); Science background in school",Management Student,Aims to specialize in AI-driven modern marketing frameworks and data analytics,Highly competent in business concepts but experiences mental friction/fatigue when pushed into pure programming.,Needs to overcome 'coding anxiety' when transitioning into intensive tools like Data Analytics with Python (DAP).,"The organization actively aligned her with domain experts (e.g., Rabia from the AI-Marketing unit) to build a clear corporate pathway.",Expressed cognitive fatigue when introducing brand new technical structures; requires step-by-step modular onboarding.
Gazi Tahir,Learner,Gazi Tahir (Correct),BCA Student via Distance Mode / Open University (Former Medical stream aspirant),Student,"Wants to excel in Machine Learning deployment, train custom models, and pursue a regular Master's Degree",Flipped from medical to tech; lacks standard classroom exposure due to distance learning mode.,Lacks foundational mathematics required for advanced machine learning; needs professional behavioral polishing.,"Mentors strictly advised shifting to a regular, on-campus university environment for post-graduation to fix behavioral and peer networking gaps.",Enrolled in the upcoming DAP (Data Analytics with Python) cycle; requires a bridging module in statistical math.
Shahid Dar,Learner,Shahid Dar (Correct),Information not detailed in current transcript session,Information not detailed in current transcript session,Aims for a technical career in AI but details are sparse due to high passivity,Marked absent or highly non-interactive during the primary individual evaluation rounds.,Urged by management to instantly turn on his camera during attendance and use Discord actively.,Flagged as a passive candidate needing proactive reach-out by the student support team.,Explicitly instructed via the 'Next Steps' protocol to seek career guidance via corporate inbox or Discord.
Sumaira Bhat,Learner,Sumaira Bhat (Correct),Strong Mathematics and Core Analytics background,Working Professional (Human Resources / Corporate Management Operations),Strategic career pivot into advanced Data Analytics and corporate automation engineering,Mature corporate profile; highly values automation tools to minimize tedious manual operational tracking.,Adapting corporate workflows into automated Python/Data science frameworks seamlessly.,Expressed deep gratitude toward the organization's unique post-course handholding and career placement framework.,Praised by mentors (Sharish Shereen) as an exceptionally high-potential candidate; great fit for fast-tracked enterprise roles.
Sabreen Zehra,Learner,"Sabreen Zehra (Spelled 'Sabreena Bhat' in meeting calendar list, verified as Sabreen Zehra in attendance notes)",Medical/Aspirant track background,Student,Wants to balance medical analytics domain tracking with foundational AI literacy structures,Enrolled primarily in the Future AI (FAI) basics cycle to eradicate initial technological gaps.,Balancing entrance exam preparation timelines with tech skill acquisition modules.,Leveraging basic course setups to eliminate tech phobia before entering deep analytical tracks.,Needs strict scheduling management guidelines from the instructional design team.
Shakir Koli,Learner,Shakir Koli (Correct),Tech Enthusiast/Learner Track,Student / Career Tracker,Aspires to bridge into active Data Science tracks; deeply interested in student community engagement,"Highly interactive, community-minded individual who values peer-to-peer structural networks.",Requires a structured data engineering roadmap to transition from basic user to professional coder.,Proposed a formal student picnic/offline initiative to manage team cohesion; guided to route proposals via management email loops.,Extremely satisfied with instructional delivery; stated 'I love this' during the mentorship check-in sessions.
Mohammad Moiz Siddiqui,Learner,Mohammad Moiz Siddiqui (Spelled 'Mohammad Moiz' or 'Siddiqui' across registry databases),Not fully detailed in the current evaluation round transcript,Not fully detailed in the current evaluation round transcript,Wants to upskill in basic machine learning deployment frameworks,Absence or low interactive footprint during this specific timeline's recording.,Needs to increase structural feedback engagement and submission ratios.,Requires an automated alert or personal check-in from learner support to assess program satisfaction.,Needs mapping to the primary batch dashboard for tracking pending milestones.
Aiyat Kadla,Learner,Aiyat Kadla (Spelled 'aiyatkadla5@gmail.com' in core calendar invites),Foundational student track,Student,Targeting analytical logic tracks and early technical certification programs,Enrolled in core tech tracking but missed deep personal evaluation interactions on this specific transcript date.,Needs to proactively block 1-on-1 slots with technical mentors during operational hours.,Requires onboarding verification on Discord to clear initial system communication blocks.,Onboarding pipeline flagged for tracking automated verification procedures.
Naina Kadla,Learner,Naina Kadla (Spelled 'kadlanaina@gmail.com' in calendar lists),Advanced educational tracking domain,Student / Potential Intern Candidate,Aims to build a highly competitive corporate portfolio through structured project work and early internship placement,Identified by senior instructors as a potential candidate with an excellent baseline capacity for analytics.,"Inconsistent live meeting presence and low camera utilization, which is currently penalizing her total performance index.",Advised by Sharish Shereen to directly transition into advanced Python scripting tracks and maintain immediate offline communication loops.,Highly responsive to mentorship advice; requires firm deadlines to maximize corporate project output.
Mohammad Sadif Najar,Learner,Mohammad Sadif Najar (Spelled 'mohammadsadif najar' in transcript systems),Technical/Applied Sciences Track,Student / Early Career Professional,Wants to implement analytical pipelines into modern machine learning operations (MLOps),Extremely keen on building structural real-world project portfolios under firm mentorship supervision.,"Struggles with regional network onboarding blockers; needs clear, documented steps for platform configurations.",Extremely satisfied with personalized curriculum access; committed to resolving operational platform blocks directly with IT support.,Promised 'Inshallah' to significantly scale up his live session verbal involvement and portfolio benchmarks.
Umer Maqsood,Learner,Umer Maqsood (Spelled 'UMER MAQSOOD' in system registry logs),Pharmaceutical / Applied Sciences Track,Student / Emerging Entrepreneur,Wants to merge advanced Machine Learning frameworks with Pharmaceutical Innovation and drug discovery systems,Highly innovative visionary mindset; focuses heavily on the long-term societal and medical impact of AI deployment.,Managing scheduling conflicts between academic workload and organization mentorship hours.,Aligned with the advanced analytical modules; requires cross-domain research literature from the organization.,"Encountered initial onboarding issues with technical platforms like Discord, which required direct manual intervention."
Aqib Bashir,Mentor,Aaqib Bashir (Spelled 'Aaqib Bashir' in system logs),Advanced AI & Technology Specialist,Senior Technical Mentor & Operations Lead at Chinar Quantum AI,Scaling up individual learner profiles into high-impact corporate tech roles and optimizing instructional frameworks,"Provides highly specific technical direction, handles direct infrastructure blockers (like Discord onboarding), and tracks individual weaknesses.",Systematic tracking of passive learners who avoid mic/camera usage.,Acts as a primary structural pillar of the Chinar Quantum AI mentorship network.,Directly mapped Mr. Yaqoob to the Growth & Expansion Unit and routinely handles critical career counseling shifts.
Sharish Shereen,Mentor,Sharish Shereen (Correct),Advanced Analytics & Human Capital Specialist,Senior Mentorship Lead & Student Evaluator at Chinar Quantum AI,"Building soft-skills mastery, professional confidence, and domain-specific AI integration roadmaps for diverse cohorts",Exceptional capability in identifying hidden learner anxieties (such as coding phobia or presentation shyness) and mapping them to domain experts.,"Enforcing compliance guidelines for live sessions (camera on, verbal interaction) without discouraging shy students.",Drives the strategic individual evaluation process that defines the post-course placement roadmap.,Directly responsible for connecting corporate profiles like Mehreen to niche experts like Rabia in the AI-Marketing domain.
